Title,Pop
American Beauty,0
Star Wars: Episode IV - A New Hope,0
Star Wars: Episode V - The Empire Strikes Back,0
Saving Private Ryan,0
Raiders of the Lost Ark,0
"Silence of the Lambs, The",0
"Matrix, The",0
Star Wars: Episode VI - Return of the Jedi,0
"Sixth Sense, The",0
Fargo,0
Terminator 2: Judgment Day,0
Schindler's List,0
"Shawshank Redemption, The",0
Braveheart,0
"Godfather, The",0
"Princess Bride, The",0
Back to the Future,0
L.A. Confidential,0
Shakespeare in Love,0
Being John Malkovich,0
Pulp Fiction,0
Jurassic Park,0
"Terminator, The",0
Toy Story,0
Men in Black,0
Alien,0
Forrest Gump,0
Groundhog Day,0
E.T. the Extra-Terrestrial,0
"Fugitive, The",0
"Usual Suspects, The",0
Ghostbusters,0
Blade Runner,0
One Flew Over the Cuckoo's Nest,0
Stand by Me,0
"Godfather: Part II, The",0
Casablanca,0
Aliens,0
GoodFellas,0
"Wizard of Oz, The",0
Die Hard,0
Monty Python and the Holy Grail,0
"Hunt for Red October, The",0
Indiana Jones and the Last Crusade,0
Jaws,0
2001: A Space Odyssey,0
Gladiator,0
Total Recall,0
Babe,0
Toy Story 2,0
Airplane!,0
Good Will Hunting,0
Dr. Strangelove or: How I Learned to Stop Worrying and Love the Bomb,0
Lethal Weapon,0
Butch Cassidy and the Sundance Kid,0
North by Northwest,0
"Bug's Life, A",0
When Harry Met Sally...,0
Star Wars: Episode I - The Phantom Menace,0
Galaxy Quest,0
Election,0
Ferris Bueller's Day Off,0
Who Framed Roger Rabbit?,0
Amadeus,0
"Christmas Story, A",0
Annie Hall,0
Twelve Monkeys,0
"Breakfast Club, The",0
Raising Arizona,0
Close Encounters of the Third Kind,0
"Abyss, The",0
Star Trek: The Wrath of Khan,0
Big,0
Psycho,0
Fight Club,0
Taxi Driver,0
Chinatown,0
As Good As It Gets,0
Clerks,0
"Graduate, The",0
Rain Man,0
Dances with Wolves,0
Reservoir Dogs,0
"Fish Called Wanda, A",0
Young Frankenstein,0
Independence Day (ID4),0
Sling Blade,0
There's Something About Mary,0
Full Metal Jacket,0
Apocalypse Now,0
"Green Mile, The",0
Life Is Beautiful (La Vita è bella),0
"Blues Brothers, The",0
Speed,0
"Maltese Falcon, The",0
X-Men,0
Rear Window,0
Apollo 13,0
"Clockwork Orange, A",0
Citizen Kane,0
Animal House,0
Aladdin,0
Platoon,0
This Is Spinal Tap,0
Glory,0
"African Queen, The",0
American Pie,0
High Fidelity,0
"Sting, The",0
M*A*S*H,0
Contact,0
Thelma & Louise,0
Titanic,0
Edward Scissorhands,0
"Boat, The (Das Boot)",0
Jerry Maguire,0
"South Park: Bigger, Longer and Uncut",0
Star Trek: First Contact,0
Beetlejuice,0
Erin Brockovich,0
"Fifth Element, The",0
Run Lola Run (Lola rennt),0
"Rock, The",0
Seven (Se7en),0
Blazing Saddles,0
Clueless,0
Willy Wonka and the Chocolate Factory,0
"Untouchables, The",0
"Shining, The",0
"Full Monty, The",0
"Wrong Trousers, The",0
True Lies,0
Rushmore,0
Witness,0
Romancing the Stone,0
Gone with the Wind,0
Get Shorty,0
Batman,0
Cool Hand Luke,0
To Kill a Mockingbird,0
"Crying Game, The",0
Magnolia,0
Four Weddings and a Funeral,0
Predator,0
Rocky,0
"Bridge on the River Kwai, The",0
"Lion King, The",0
Chicken Run,0
Face/Off,0
American Graffiti,0
Vertigo,0
Unforgiven,0
"Talented Mr. Ripley, The",0
Grosse Pointe Blank,0
"Professional, The (a.k.a. Leon: The Professional)",0
"Player, The",0
Bull Durham,0
Planet of the Apes,0
Austin Powers: International Man of Mystery,0
Clear and Present Danger,0
Boogie Nights,0
"Patriot, The",0
My Cousin Vinny,0
Star Trek IV: The Voyage Home,0
Lawrence of Arabia,0
Beauty and the Beast,0
Patriot Games,0
Elizabeth,0
Sneakers,0
Some Like It Hot,0
"Few Good Men, A",0
"Big Lebowski, The",0
Austin Powers: The Spy Who Shagged Me,0
Mission: Impossible,0
Pleasantville,0
Brazil,0
Monty Python's Life of Brian,0
Mary Poppins,0
"American President, The",0
Caddyshack,0
"Insider, The",0
"French Connection, The",0
Goldfinger,0
"Thomas Crown Affair, The",0
In the Line of Fire,0
"Good Morning, Vietnam",0
Say Anything...,0
"Manchurian Candidate, The",0
"League of Their Own, A",0
"Good, The Bad and The Ugly, The",0
Mad Max,0
Heat,0
Dead Man Walking,0
Indiana Jones and the Temple of Doom,0
Gattaca,0
"Last of the Mohicans, The",0
Three Kings,0
Mad Max 2 (a.k.a. The Road Warrior),0
Superman,0
Robocop,0
"Game, The",0
Time Bandits,0
"Little Mermaid, The",0
Moonstruck,0
Army of Darkness,0
Boys Don't Cry,0
"Truman Show, The",0
Diner,0
Air Force One,0
Wayne's World,0
Sleepless in Seattle,0
Chasing Amy,0
Enemy of the State,0
"Rocky Horror Picture Show, The",0
"Close Shave, A",0
Dave,0
Leaving Las Vegas,0
Sense and Sensibility,0
Sleepy Hollow,0
Lethal Weapon 2,0
Pretty Woman,0
Die Hard 2,0
"Great Escape, The",0
Dogma,0
"Grifters, The",0
Stargate,0
Roger & Me,0
"Nightmare Before Christmas, The",0
Top Gun,0
Fantasia,0
"English Patient, The",0
"Sound of Music, The",0
"Killing Fields, The",0
Fast Times at Ridgemont High,0
Hoop Dreams,0
Misery,0
"Exorcist, The",0
Ghost,0
Out of Sight,0
Singin' in the Rain,0
Sleeper,0
Ed Wood,0
Dead Poets Society,0
Dog Day Afternoon,0
Seven Samurai (The Magnificent Seven) (Shichinin no samurai),0
"Big Chill, The",0
Almost Famous,0
Dangerous Liaisons,0
Lady and the Tramp,0
"Fly, The",0
"Right Stuff, The",0
Trading Places,0
Dark City,0
Manhattan,0
Arsenic and Old Lace,0
Splash,0
Mission: Impossible 2,0
"Dirty Dozen, The",0
Swingers,0
"Mask of Zorro, The",0
Cocoon,0
Trainspotting,0
"Fisher King, The",0
Nikita (La Femme Nikita),0
"Mask, The",0
"Deer Hunter, The",0
Like Water for Chocolate (Como agua para chocolate),0
Ben-Hur,0
Bonnie and Clyde,0
Harold and Maude,0
Midnight Run,0
"X-Files: Fight the Future, The",0
Scream,0
From Russia with Love,0
Back to the Future Part II,0
Office Space,0
Deliverance,0
West Side Story,0
Patton,0
It's a Wonderful Life,0
Raging Bull,0
Blood Simple,0
"Producers, The",0
"Philadelphia Story, The",0
Do the Right Thing,0
Highlander,0
Parenthood,0
Star Trek VI: The Undiscovered Country,0
"Blair Witch Project, The",0
Stripes,0
Cinema Paradiso,0
Searching for Bobby Fischer,0
Lone Star,0
Armageddon,0
"Cider House Rules, The",0
Network,0
Excalibur,0
"Thing, The",0
Fatal Attraction,0
L.A. Story,0
Gandhi,0
Go,0
Double Indemnity,0
Duck Soup,0
Starship Troopers,0
12 Angry Men,0
"Birds, The",0
Strictly Ballroom,0
Heathers,0
Field of Dreams,0
Midnight Cowboy,0
Repo Man,0
Broadcast News,0
Poltergeist,0
"Mummy, The",0
American History X,0
Much Ado About Nothing,0
Rosemary's Baby,0
Dr. No,0
"Big Sleep, The",0
"Iron Giant, The",0
"Simple Plan, A",0
Man on the Moon,0
GoldenEye,0
Crimson Tide,0
Waking Ned Devine,0
Risky Business,0
Snow White and the Seven Dwarfs,0
"Negotiator, The",0
Star Trek: Generations,0
Twister,0
My Fair Lady,0
Shanghai Noon,0
"Muppet Movie, The",0
Die Hard: With a Vengeance,0
Little Big Man,0
"Wedding Singer, The",0
"Firm, The",0
"Last Emperor, The",0
Breakfast at Tiffany's,0
Donnie Brasco,0
Starman,0
U-571,0
Escape from New York,0
Arachnophobia,0
True Romance,0
Grease,0
Invasion of the Body Snatchers,0
Crocodile Dundee,0
Pee-wee's Big Adventure,0
Little Shop of Horrors,0
Night of the Living Dead,0
Jackie Brown,0
King Kong,0
JFK,0
"Gods Must Be Crazy, The",0
Blue Velvet,0
"Day the Earth Stood Still, The",0
Wag the Dog,0
Notting Hill,0
Frequency,0
Back to the Future Part III,0
Sunset Blvd. (a.k.a. Sunset Boulevard),0
Ronin,0
What's Eating Gilbert Grape,0
"Devil's Advocate, The",0
Tomorrow Never Dies,0
Payback,0
October Sky,0
"World Is Not Enough, The",0
Kingpin,0
Sixteen Candles,0
Driving Miss Daisy,0
Eyes Wide Shut,0
Tron,0
Blade,0
Spaceballs,0
"Room with a View, A",0
"Lost World: Jurassic Park, The",0
"Jungle Book, The",0
Strangers on a Train,0
Quiz Show,0
Willow,0
Maverick,0
Con Air,0
Awakenings,0
Casino,0
Star Trek III: The Search for Spock,0
On the Waterfront,0
"Fistful of Dollars, A",0
"Third Man, The",0
Cape Fear,0
"Grand Day Out, A",0
"Grapes of Wrath, The",0
F/X,0
Conspiracy Theory,0
Being There,0
Touch of Evil,0
"Dark Crystal, The",0
Dead Again,0
"Perfect Storm, The",0
"Lock, Stock & Two Smoking Barrels",0
Basic Instinct,0
Backdraft,0
"War of the Worlds, The",0
What About Bob?,0
Hoosiers,0
Doctor Zhivago,0
Interview with the Vampire,0
Breaking Away,0
Dune,0
Bound,0
"Naked Gun: From the Files of Police Squad!, The",0
"Guns of Navarone, The",0
From Dusk Till Dawn,0
Chariots of Fire,0
My Best Friend's Wedding,0
"Commitments, The",0
Grumpy Old Men,0
Jacob's Ladder,0
Bowfinger,0
"Thin Red Line, The",0
Gods and Monsters,0
Pi,0
"Streetcar Named Desire, A",0
Fried Green Tomatoes,0
Mrs. Doubtfire,0
"Opposite of Sex, The",0
Body Heat,0
Happy Gilmore,0
"Treasure of the Sierra Madre, The",0
Dazed and Confused,0
"NeverEnding Story, The",0
Evil Dead II (Dead By Dawn),0
Star Trek: Insurrection,0
Notorious,0
Philadelphia,0
Glengarry Glen Ross,0
Mars Attacks!,0
Serpico,0
You've Got Mail,0
"Red Violin, The (Le Violon rouge)",0
Wallace & Gromit: The Best of Aardman Animation,0
"Postino, Il (The Postman)",0
"Hustler, The",0
Key Largo,0
"Goonies, The",0
Out of Africa,0
Shine,0
Henry V,0
"Godfather: Part III, The",0
Crumb,0
Tombstone,0
Vacation,0
Deep Impact,0
"River Runs Through It, A",0
Legends of the Fall,0
"Piano, The",0
Secrets & Lies,0
"Conversation, The",0
And Now for Something Completely Different,0
Emma,0
"Crow, The",0
"American Werewolf in London, An",0
Mister Roberts,0
"Birdcage, The",0
Arlington Road,0
Peter Pan,0
"Spanish Prisoner, The",0
"20,000 Leagues Under the Sea",0
Scent of a Woman,0
Meet the Parents,0
"Hard Day's Night, A",0
Cinderella,0
Lethal Weapon 3,0
"Hudsucker Proxy, The",0
To Catch a Thief,0
Ordinary People,0
Double Jeopardy,0
Crimes and Misdemeanors,0
Bambi,0
Heavy Metal,0
Stalag 17,0
"Jerk, The",0
While You Were Sleeping,0
Primal Fear,0
Westworld,0
Big Night,0
Carrie,0
All About Eve,0
"Nutty Professor, The",0
Logan's Run,0
Heavenly Creatures,0
"Hurricane, The",0
Bulworth,0
Fletch,0
His Girl Friday,0
Muriel's Wedding,0
Wild Things,0
"13th Warrior, The",0
Dumbo,0
Ladyhawke,0
"Elephant Man, The",0
Bringing Up Baby,0
Cabaret,0
Rob Roy,0
Mr. Holland's Opus,0
Roman Holiday,0
My Left Foot,0
Rush Hour,0
Better Off Dead...,0
Superman II,0
Liar Liar,0
"Adventures of Buckaroo Bonzai Across the 8th Dimension, The",0
"Truth About Cats & Dogs, The",0
So I Married an Axe Murderer,0
"Apartment, The",0
10 Things I Hate About You,0
Welcome to the Dollhouse,0
Alien³,0
"Natural, The",0
Labyrinth,0
Halloween,0
Waiting for Guffman,0
Antz,0
"Doors, The",0
Malcolm X,0
Charlotte's Web,0
"Adventures of Priscilla, Queen of the Desert, The",0
Pretty in Pink,0
High Noon,0
"Sex, Lies, and Videotape",0
It Happened One Night,0
Entrapment,0
Easy Rider,0
Mr. Smith Goes to Washington,0
101 Dalmatians,0
"Poseidon Adventure, The",0
"Bone Collector, The",0
Gremlins,0
Dirty Dancing,0
"Color Purple, The",0
Best in Show,0
Outbreak,0
Dead Calm,0
Alice in Wonderland,0
Drugstore Cowboy,0
Spartacus,0
"Ice Storm, The",0
Star Trek: The Motion Picture,0
Pinocchio,0
Prizzi's Honor,0
All About My Mother (Todo Sobre Mi Madre),0
Big Daddy,0
Akira,0
Metropolis,0
"Adventures of Robin Hood, The",0
Ace Ventura: Pet Detective,0
Mulan,0
Rumble in the Bronx,0
Ran,0
Sliding Doors,0
Mr. Mom,0
Bram Stoker's Dracula,0
Big Trouble in Little China,0
Year of Living Dangerously,0
Conan the Barbarian,0
"Remains of the Day, The",0
Ransom,0
"Straight Story, The",0
Marathon Man,0
"Prince of Egypt, The",0
"City of Lost Children, The",0
Batman Returns,0
Mystery Science Theater 3000: The Movie,0
Sleeping Beauty,0
Dial M for Murder,0
Frankenstein,0
Young Guns,0
Howards End,0
Natural Born Killers,0
Terms of Endearment,0
Mystery Men,0
Breaker Morant,0
Rebecca,0
Analyze This,0
Midnight in the Garden of Good and Evil,0
"Joy Luck Club, The",0
Boiler Room,0
"Mariachi, El",0
Shall We Dance? (Shall We Dansu?),0
In the Heat of the Night,0
Forbidden Planet,0
"Outlaw Josey Wales, The",0
Stir of Echoes,0
"Apostle, The",0
Dumb & Dumber,0
Bullets Over Broadway,0
Three Colors: Red,0
Jumanji,0
From Here to Eternity,0
"Sweet Hereafter, The",0
Lethal Weapon 4,0
"Santa Clause, The",0
Rebel Without a Cause,0
"Whole Nine Yards, The",0
Desperado,0
Arthur,0
Falling Down,0
"Running Man, The",0
Hamlet,0
"Civil Action, A",0
Kelly's Heroes,0
"Spy Who Loved Me, The",0
Mad Max Beyond Thunderdome,0
American Psycho,0
Christmas Vacation,0
Strange Days,0
"Longest Day, The",0
Real Genius,0
Local Hero,0
"Odd Couple, The",0
M,0
"Man with the Golden Gun, The",0
James and the Giant Peach,0
"Last Picture Show, The",1
Private Parts,1
Kramer Vs. Kramer,1
To Die For,1
Delicatessen,1
Rudy,1
Sabrina,1
"Purple Rose of Cairo, The",1
That Thing You Do!,1
Ever After: A Cinderella Story,1
"Jewel of the Nile, The",1
"Limey, The",1
Keeping the Faith,1
"Honey, I Shrunk the Kids",1
"Return of the Pink Panther, The",1
"King and I, The",1
Hard-Boiled (Lashou shentan),1
Tarzan,1
Harvey,1
Flight of the Navigator,1
White Men Can't Jump,1
Cliffhanger,1
"General's Daughter, The",1
"Omen, The",1
"Rocketeer, The",1
My Life as a Dog (Mitt liv som hund),1
Moonraker,1
"Nightmare on Elm Street, A",1
Victor/Victoria,1
Powder,1
Tin Cup,1
Fantasia 2000,1
Cape Fear,1
Smoke Signals,1
For a Few Dollars More,1
City Lights,1
Weird Science,1
Alien: Resurrection,1
Desperately Seeking Susan,1
Cyrano de Bergerac,1
"Addams Family, The",1
Three Days of the Condor,1
"Man Who Would Be King, The",1
"Fly, The",1
Bananas,1
Eat Drink Man Woman,1
Modern Times,1
Yellow Submarine,1
Defending Your Life,1
Romy and Michele's High School Reunion,1
Miller's Crossing,1
Home Alone,1
Scrooged,1
Charade,1
"Verdict, The",1
"Ideal Husband, An",1
Working Girl,1
"Secret of NIMH, The",1
Dragonheart,1
Women on the Verge of a Nervous Breakdown,1
Laura,1
"Thin Man, The",1
Five Easy Pieces,1
Steel Magnolias,1
Some Folks Call It a Sling Blade,1
Hook,1
Babe: Pig in the City,1
Pitch Black,1
Thunderball,1
Nurse Betty,1
2010,1
Sister Act,1
Live and Let Die,1
Bob Roberts,1
No Way Out,1
When We Were Kings,1
Mighty Aphrodite,1
On Golden Pond,1
"Long Kiss Goodnight, The",1
Sophie's Choice,1
Ruthless People,1
Papillon,1
Return to Me,1
"Seventh Seal, The (Sjunde inseglet, Det)",1
Rosencrantz and Guildenstern Are Dead,1
My Favorite Year,1
Carlito's Way,1
High Plains Drifter,1
Ghost in the Shell (Kokaku kidotai),1
Adventures in Babysitting,1
Mallrats,1
Pink Floyd - The Wall,1
Guess Who's Coming to Dinner,1
Soylent Green,1
Runaway Bride,1
Miracle on 34th Street,1
William Shakespeare's Romeo and Juliet,1
"Gold Rush, The",1
Romeo and Juliet,1
Titan A.E.,1
Never Been Kissed,1
"People vs. Larry Flynt, The",1
"Madness of King George, The",1
"Karate Kid, The",1
Cop Land,1
"Saint, The",1
"Client, The",1
Red Dawn,1
Bringing Out the Dead,1
Under Siege,1
Hairspray,1
Who's Afraid of Virginia Woolf?,1
Pale Rider,1
Nashville,1
Singles,1
First Blood,1
Hud,1
Creature Comforts,1
Courage Under Fire,1
Of Mice and Men,1
"Name of the Rose, The",1
Raise the Red Lantern,1
Cruel Intentions,1
Sleepers,1
All Quiet on the Western Front,1
"Great Muppet Caper, The",1
Inherit the Wind,1
Paths of Glory,1
Benny & Joon,1
Robin Hood,1
"Girl, Interrupted",1
Three Amigos!,1
Tommy Boy,1
For Your Eyes Only,1
Flirting With Disaster,1
Devil in a Blue Dress,1
"Cell, The",1
Happiness,1
"Ghost and the Darkness, The",1
Klute,1
True Grit,1
"Three Musketeers, The",1
"Bicycle Thief, The (Ladri di biciclette)",1
"Dead Zone, The",1
"American in Paris, An",1
Angel Heart,1
American Movie,1
Peggy Sue Got Married,1
Honeymoon in Vegas,1
"Wild Bunch, The",1
Lord of the Flies,1
In the Name of the Father,1
Midnight Express,1
Manhattan Murder Mystery,1
"Thin Blue Line, The",1
Buffalo 66,1
History of the World: Part I,1
Atlantic City,1
Phenomenon,1
Demolition Man,1
Stop Making Sense,1
Watership Down,1
"Goodbye Girl, The",1
Remember the Titans,1
Hercules,1
All That Jazz,1
Short Cuts,1
"Secret Garden, The",1
G.I. Jane,1
Diva,1
Sabrina,1
Top Hat,1
Scary Movie,1
Stuart Little,1
"Taking of Pelham One Two Three, The",1
Children of a Lesser God,1
Farewell My Concubine,1
"Paper Chase, The",1
"Mosquito Coast, The",1
"Princess Mononoke, The (Mononoke Hime)",1
Amistad,1
In the Company of Men,1
Alien Nation,1
"Ref, The",1
Executive Decision,1
"Secret of Roan Inish, The",1
"Lord of the Rings, The",1
What Lies Beneath,1
Where Eagles Dare,1
Little Voice,1
"Brothers McMullen, The",1
Shadow of a Doubt,1
Stand and Deliver,1
Friday,1
Final Destination,1
Topsy-Turvy,1
"Killer, The (Die xue shuang xiong)",1
Cat on a Hot Tin Roof,1
Shadowlands,1
Holiday Inn,1
Space Cowboys,1
Dick,1
Richard III,1
Any Given Sunday,1
Shallow Grave,1
Yojimbo,1
"General, The",1
"American Tail, An",1
Fallen,1
Take the Money and Run,1
Pacific Heights,1
Patch Adams,1
"Time to Kill, A",1
Six Degrees of Separation,1
Tampopo,1
"Midsummer Night's Dream, A",1
Kiss the Girls,1
Heaven Can Wait,1
"Searchers, The",1
Dreamscape,1
Tender Mercies,1
Fantastic Voyage,1
Beavis and Butt-head Do America,1
"39 Steps, The",1
Father of the Bride,1
Young Sherlock Holmes,1
Primary Colors,1
Breakdown,1
"Absent Minded Professor, The",1
"Me, Myself and Irene",1
Shane,1
"Bronx Tale, A",1
Jean de Florette,1
Help!,1
Three Colors: Blue,1
Deep Blue Sea,1
Broken Arrow,1
Badlands,1
eXistenZ,1
Buffy the Vampire Slayer,1
Anatomy of a Murder,1
Far and Away,1
Mutiny on the Bounty,1
Radio Days,1
Clue,1
Nineteen Eighty-Four,1
Old Yeller,1
"Mrs. Brown (Her Majesty, Mrs. Brown)",1
Circle of Friends,1
Zero Effect,1
Wonder Boys,1
Snow Falling on Cedars,1
Predator 2,1
Absolute Power,1
On Her Majesty's Secret Service,1
Forever Young,1
Seven Years in Tibet,1
"Best Years of Our Lives, The",1
"Hidden, The",1
"Run Silent, Run Deep",1
Copycat,1
Rounders,1
Menace II Society,1
Pushing Tin,1
Cat Ballou,1
"Color of Money, The",1
"Perfect Murder, A",1
Wings of Desire (Der Himmel über Berlin),1
"Rainmaker, The",1
Manon of the Spring (Manon des sources),1
U.S. Marshalls,1
"Man for All Seasons, A",1
Auntie Mame,1
Central Station (Central do Brasil),1
Airplane II: The Sequel,1
"Kentucky Fried Movie, The",1
In & Out,1
Flatliners,1
Guys and Dolls,1
Once Upon a Time in America,1
Little Women,1
"Muppets Take Manhattan, The",1
Blowup,1
White Christmas,1
8 1/2,1
Ghost Dog: The Way of the Samurai,1
Rules of Engagement,1
Hang 'em High,1
"Battleship Potemkin, The (Bronenosets Potyomkin)",1
"Great Dictator, The",1
Grand Canyon,1
Red Rock West,1
Dolores Claiborne,1
Don Juan DeMarco,1
"Bridges of Madison County, The",1
Gone in 60 Seconds,1
Pecker,1
Love and Death,1
Bad Boys,1
"Quiet Man, The",1
Alive,1
Reality Bites,1
Batman Forever,1
East of Eden,1
Night Shift,1
Rocky II,1
Blast from the Past,1
Doctor Dolittle,1
Breaking the Waves,1
Fright Night,1
Mission to Mars,1
Dracula,1
Winnie the Pooh and the Blustery Day,1
"Shop Around the Corner, The",1
"Contender, The",1
Hamlet,1
Sweet and Lowdown,1
"Nosferatu (Nosferatu, eine Symphonie des Grauens)",1
Somewhere in Time,1
"Bodyguard, The",1
"Thirteenth Floor, The",1
City of Angels,1
Eraser,1
"Perfect World, A",1
Escape from the Planet of the Apes,1
"Net, The",1
Buena Vista Social Club,1
Shaft,1
Around the World in 80 Days,1
"Lady Vanishes, The",1
"Bell, Book and Candle",1
"Hunchback of Notre Dame, The",1
Never Cry Wolf,1
Scream 3,1
Citizen Ruth,1
"Mystery, Alaska",1
"Thomas Crown Affair, The",1
Pump Up the Volume,1
Star Trek V: The Final Frontier,1
Jagged Edge,1
"400 Blows, The (Les Quatre cents coups)",1
Everything You Always Wanted to Know About Sex,1
Godzilla (Gojira),1
My Man Godfrey,1
Murphy's Romance,1
Shall We Dance?,1
Sid and Nancy,1
Immortal Beloved,1
Creepshow,1
Bedknobs and Broomsticks,1
Road Trip,1
Living in Oblivion,1
"Little Shop of Horrors, The",1
Licence to Kill,1
Scream 2,1
Birdy,1
"Outsiders, The",1
"Arrival, The",1
My Dog Skip,1
Serial Mom,1
Meet Joe Black,1
Grumpier Old Men,1
Anastasia,1
Legend,1
Ulee's Gold,1
For Love of the Game,1
"Fabulous Baker Boys, The",1
Hot Shots! Part Deux,1
Bride of Frankenstein,1
28 Days,1
Supercop,1
"Pelican Brief, The",1
"Frighteners, The",1
"7th Voyage of Sinbad, The",1
Spellbound,1
"Wings of the Dove, The",1
"Sword in the Stone, The",1
"Indian in the Cupboard, The",1
"Christmas Carol, A",1
Bottle Rocket,1
Seven Days in May,1
South Pacific,1
Cool Runnings,1
Private Benjamin,1
"Mission, The",1
Summer of Sam,1
Rising Sun,1
Marty,1
Waterworld,1
"Grand Illusion (Grande illusion, La)",1
Dead Men Don't Wear Plaid,1
Croupier,1
Fly Away Home,1
Lost in Space,1
Gaslight,1
Soapdish,1
Kolya,1
Exotica,1
"Unbearable Lightness of Being, The",1
"Craft, The",1
Trekkies,1
Everyone Says I Love You,1
Mumford,1
"Invisible Man, The",1
"Last Temptation of Christ, The",1
Mystery Train,1
Matewan,1
My Life in Pink (Ma vie en rose),1
Song of the South,1
Drop Dead Gorgeous,1
"Age of Innocence, The",1
Back to School,1
Kalifornia,1
Lifeboat,1
Barbarella,1
Billy Madison,1
Fear and Loathing in Las Vegas,1
Phantasm,1
"Misérables, Les",1
Dinosaur,1
Ghostbusters II,1
"Waterboy, The",1
Police Academy,1
Swiss Family Robinson,1
Anna and the King,1
"Siege, The",1
Single White Female,1
"Brother from Another Planet, The",1
Married to the Mob,1
"Aristocats, The",1
"Great Santini, The",1
Small Time Crooks,1
"Pawnbroker, The",1
Jeremiah Johnson,1
"Blob, The",1
"Lawnmower Man, The",1
Re-Animator,1
Born Yesterday,1
"Next Stop, Wonderland",1
"Misérables, Les",1
"Fox and the Hound, The",1
"Peacemaker, The",1
Footloose,1
Them!,1
Three Colors: White,1
I.Q.,1
What Ever Happened to Baby Jane?,1
Bachelor Party,1
Deconstructing Harry,1
Kagemusha,1
"River Wild, The",1
Persuasion,1
"Falcon and the Snowman, The",1
Suspicion,1
"Englishman Who Went Up a Hill, But Came Down a Mountain, The",1
"Affair to Remember, An",1
"View to a Kill, A",1
Once Upon a Time in the West,1
"Man in the Iron Mask, The",1
Magnum Force,1
Koyaanisqatsi,1
"Edge, The",1
Bicentennial Man,1
"Naked Gun 2 1/2: The Smell of Fear, The",1
Six Days Seven Nights,1
Species,1
Agnes of God,1
What Dreams May Come,1
"Muppet Christmas Carol, The",1
"Big Kahuna, The",1
She's All That,1
Some Kind of Wonderful,1
Jackie Chan's First Strike,1
101 Dalmatians,1
Running Scared,1
"Messenger: The Story of Joan of Arc, The",1
Nobody's Fool,1
Batman: Mask of the Phantasm,1
On the Town,1
Places in the Heart,1
Night on Earth,1
"Faculty, The",1
Flashdance,1
Cold Comfort Farm,1
Sphere,1
Cube,1
Lolita,1
Tom Jones,1
"Parent Trap, The",1
Smoke,1
"Quick and the Dead, The",1
French Kiss,1
My Bodyguard,1
Hope Floats,1
Meatballs,1
Sullivan's Travels,1
McCabe & Mrs. Miller,1
"Ghost and Mrs. Muir, The",1
Beneath the Planet of the Apes,1
Titanic,1
Coming Home,1
"Golden Child, The",1
Paradise Lost: The Child Murders at Robin Hood Hills,1
Can't Hardly Wait,1
Kids in the Hall: Brain Candy,1
Brassed Off,1
"Rescuers, The",1
End of Days,1
"Lady Eve, The",1
Heartbreak Ridge,1
Michael,1
Addams Family Values,1
Henry: Portrait of a Serial Killer,1
About Last Night...,1
Hackers,1
"Prince of Tides, The",1
Murder in the First,1
"Hand That Rocks the Cradle, The",1
Robin Hood: Prince of Thieves,1
Evita,1
Stigmata,1
"End of the Affair, The",1
"Fast, Cheap & Out of Control",1
Tin Men,1
"Return of Martin Guerre, The (Retour de Martin Guerre, Le)",1
"Stepford Wives, The",1
"Corrina, Corrina",1
Oliver!,1
"Parent Trap, The",1
Timecop,1
Fearless,1
Pocahontas,1
To Be or Not to Be,1
Meet Me in St. Louis,1
Homeward Bound: The Incredible Journey,1
Shampoo,1
Teenage Mutant Ninja Turtles,1
Once Were Warriors,1
White Squall,1
"Brady Bunch Movie, The",1
"Money Pit, The",1
Romeo Must Die,1
Cookie's Fortune,1
Friday the 13th,1
First Knight,1
Snake Eyes,1
"Boys from Brazil, The",1
Ninotchka,1
Sommersby,1
Village of the Damned,1
"Texas Chainsaw Massacre, The",1
"Replacement Killers, The",1
Wyatt Earp,1
Reds,1
...And Justice for All,1
Everest,1
"Last Detail, The",1
"Man Who Knew Too Much, The",1
"Amityville Horror, The",1
American Gigolo,1
Smilla's Sense of Snow,1
Robin Hood: Men in Tights,1
Naked Gun 33 1/3: The Final Insult,1
EDtv,1
Simon Birch,1
"Man with Two Brains, The",1
St. Elmo's Fire,1
Swimming with Sharks,1
Heart and Souls,1
Affliction,1
To Sir with Love,1
"Cradle Will Rock, The",1
Picnic at Hanging Rock,1
Pet Sematary,1
"Presidio, The",1
It Could Happen to You,1
"War Room, The",1
George of the Jungle,1
"Buddy Holly Story, The",1
"Soldier's Story, A",1
"Omega Man, The",1
Matilda,1
Down by Law,1
"Transformers: The Movie, The",1
Jules and Jim (Jules et Jim),1
Shaft,1
Mickey Blue Eyes,1
"Virgin Suicides, The",1
2 Days in the Valley,1
"Jackal, The",1
Death Wish,1
"Killing, The",1
Rambo: First Blood Part II,1
Tora! Tora! Tora!,1
Dick Tracy,1
Spawn,1
"Little Princess, A",1
Barcelona,1
Hellraiser,1
And the Band Played On,1
I Know What You Did Last Summer,1
"Bamba, La",1
Something Wicked This Way Comes,1
Young Guns II,1
Enchanted April,1
Coneheads,1
"Jungle Book, The",1
Near Dark,1
European Vacation,1
Barefoot in the Park,1
Space Jam,1
Twelfth Night,1
Up in Smoke,1
Toys,1
Abbott and Costello Meet Frankenstein,1
"Slums of Beverly Hills, The",1
Kids,1
Thirty-Two Short Films About Glenn Gould,1
"Raisin in the Sun, A",1
Escape to Witch Mountain,1
Gigi,1
Escape from L.A.,1
Jumpin' Jack Flash,1
Rope,1
"Bank Dick, The",1
"Endless Summer, The",2
Eraserhead,2
"Flamingo Kid, The",2
My Own Private Idaho,2
"Asphalt Jungle, The",2
Looking for Richard,2
"Hard 8 (a.k.a. Sydney, a.k.a. Hard Eight)",2
One False Move,2
Tequila Sunrise,2
Days of Thunder,2
Deuce Bigalow: Male Gigolo,2
Empire Records,2
"Dreamlife of Angels, The (La Vie rêvée des anges)",2
Event Horizon,2
Wild Wild West,2
Instinct,2
"Way We Were, The",2
Muppet Treasure Island,2
Runaway Train,2
"Haunting, The",2
U Turn,2
Wayne's World 2,2
Rocky III,2
Metropolitan,2
Indochine,2
"Place in the Sun, A",2
Where the Heart Is,2
Conquest of the Planet of the Apes,2
Freeway,2
"Celluloid Closet, The",2
Mildred Pierce,2
Mother,2
Mona Lisa,2
"House of Yes, The",2
Burnt By the Sun (Utomlyonnye solntsem),2
Kundun,2
Spanking the Monkey,2
Before Sunrise,2
Thunderbolt and Lightfoot,2
Bloodsport,2
Funny Face,2
What's Love Got to Do with It?,2
Night of the Comet,2
Angela's Ashes,2
"Celebration, The (Festen)",2
With Honors,2
Belle de jour,2
"Cook the Thief His Wife & Her Lover, The",2
Tank Girl,2
Pete's Dragon,2
Muppets From Space,2
Brighton Beach Memoirs,2
"Double Life of Veronique, The (La Double Vie de Véronique)",2
"First Wives Club, The",2
"Man Who Knew Too Little, The",2
Dead Ringers,2
"Basketball Diaries, The",2
"Mighty Ducks, The",2
Soldier,2
Killing Zoe,2
Force 10 from Navarone,2
Disclosure,2
Suicide Kings,2
Nine 1/2 Weeks,2
Dead Man,2
Priest,2
Small Soldiers,2
"Howling, The",2
"Night to Remember, A",2
Frances,2
She's Gotta Have It,2
Man Bites Dog (C'est arrivé près de chez vous),2
Carnal Knowledge,2
One Fine Day,2
Angels and Insects,2
Wolf,2
"Thing From Another World, The",2
Great Expectations,2
Father of the Bride Part II,2
Godzilla,2
Mansfield Park,2
Dancer in the Dark,2
"Creature From the Black Lagoon, The",2
"Love Bug, The",2
All the King's Men,2
Porky's,2
Batman & Robin,2
Mulholland Falls,2
Hilary and Jackie,2
Lolita,2
Body Snatchers,2
Michael Collins,2
East is East,2
Weekend at Bernie's,2
"Beach, The",2
"Candidate, The",2
Popeye,2
"Palm Beach Story, The",2
Drunken Master (Zui quan),2
"Happy, Texas",2
"Trip to Bountiful, The",2
Nights of Cabiria (Le Notti di Cabiria),2
Battle for the Planet of the Apes,2
Last Action Hero,2
Plan 9 from Outer Space,2
"Old Man and the Sea, The",2
Walkabout,2
Half Baked,2
Hamlet,2
Medicine Man,2
"Rescuers Down Under, The",2
Varsity Blues,2
Steamboat Willie,2
"Prophecy, The",2
"Cable Guy, The",2
"Karate Kid, Part II, The",2
"They Shoot Horses, Don't They?",2
Barry Lyndon,2
"Walk in the Clouds, A",2
"Great Race, The",2
Nighthawks,2
Nell,2
Jungle Fever,2
Out of the Past,2
"'burbs, The",2
Death Becomes Her,2
Beautiful Girls,2
Mimic,2
Dante's Peak,2
"Mighty, The",2
"Winslow Boy, The",2
"Other Sister, The",2
Christine,2
My Blue Heaven,2
Lake Placid,2
Stranger Than Paradise,2
"Tao of Steve, The",2
Mercury Rising,2
"Postman Always Rings Twice, The",2
Johnny Mnemonic,2
Fletch Lives,2
"Man Without a Face, The",2
"Hunger, The",2
Lucas,2
"Mummy, The",2
"Towering Inferno, The",2
Gilda,2
Eve's Bayou,2
Requiem for a Dream,2
"Butcher Boy, The",2
"Wolf Man, The",2
"Ninth Gate, The",2
Palmetto,2
"Cutting Edge, The",2
Fanny and Alexander,2
"Black Cauldron, The",2
"Emerald Forest, The",2
Wes Craven's New Nightmare,2
"Bear, The",2
King of New York,2
"Big Hit, The",2
Reindeer Games,2
How Green Was My Valley,2
Liberty Heights,2
Titus,2
Judge Dredd,2
After Life,2
Gremlins 2: The New Batch,2
"Murder, My Sweet",2
Trust,2
Fools Rush In,2
"Man Who Knew Too Much, The",2
Candyman,2
Detroit Rock City,2
"Taming of the Shrew, The",2
Quest for Fire,2
Casper,2
Vanya on 42nd Street,2
Doctor Dolittle,2
"Garden of Finzi-Contini, The (Giardino dei Finzi-Contini, Il)",2
Passion Fish,2
Microcosmos (Microcosmos: Le peuple de l'herbe),2
When a Man Loves a Woman,2
"Bad Seed, The",2
Brief Encounter,2
Return to Oz,2
"Trouble with Harry, The",2
Firestarter,2
Mouse Hunt,2
"Phantom of the Opera, The",2
High Art,2
Giant,2
Ghosts of Mississippi,2
Swing Kids,2
Malice,2
Addicted to Love,2
Paris Is Burning,2
"Nightmare on Elm Street 3: Dream Warriors, A",2
Chungking Express,2
"Object of My Affection, The",2
"Devil's Own, The",2
"Lost Weekend, The",2
Voyage to the Bottom of the Sea,2
Solaris (Solyaris),2
Dersu Uzala,2
"Journey of Natty Gann, The",2
Children of Paradise (Les enfants du paradis),2
"Paris, Texas",2
Pink Flamingos,2
Mr. Death: The Rise and Fall of Fred A. Leuchter Jr.,2
Murder at 1600,2
Hamlet,2
"Daytrippers, The",2
Ace Ventura: When Nature Calls,2
Until the End of the World (Bis ans Ende der Welt),2
"To Wong Foo, Thanks for Everything! Julie Newmar",2
Blown Away,2
SLC Punk!,2
Pork Chop Hill,2
"Horse Whisperer, The",2
8MM,2
"Paper, The",2
Playing by Heart,2
Practical Magic,2
Idle Hands,2
"Adventures of Milo and Otis, The",2
Funny Farm,2
"Gay Divorcee, The",2
Forget Paris,2
Mortal Kombat,2
Last Man Standing,2
"Story of Us, The",2
One Crazy Summer,2
"Blue Angel, The (Blaue Engel, Der)",2
Fitzcarraldo,2
Captain Horatio Hornblower,2
Tea with Mussolini,2
Nick of Time,2
Clockwatchers,2
"Haunting, The",2
"Pillow Book, The",2
Restoration,2
Crocodile Dundee II,2
"American Werewolf in Paris, An",2
Things to Do in Denver when You're Dead,2
"Golden Voyage of Sinbad, The",2
"Spitfire Grill, The",2
Operation Condor (Feiying gaiwak),2
Gypsy,2
Madonna: Truth or Dare,2
Loaded Weapon 1,2
Airport,2
"Nutty Professor, The",2
Love and Death on Long Island,2
My Man Godfrey,2
Days of Heaven,2
Bad Lieutenant,2
Needful Things,2
Rocky IV,2
Return to Paradise,2
Under Siege 2: Dark Territory,2
"Boy Who Could Fly, The",2
He Got Game,2
"Mirror Has Two Faces, The",2
North Dallas Forty,2
Living Out Loud,2
Psycho,2
"Tin Drum, The (Blechtrommel, Die)",2
Mr. Nice Guy,2
Coma,2
Darby O'Gill and the Little People,2
On the Beach,2
Maurice,2
"Suddenly, Last Summer",2
Saving Grace,2
Mary Shelley's Frankenstein,2
"Umbrellas of Cherbourg, The (Parapluies de Cherbourg, Les)",2
Bring It On,2
Things Change,2
Only You,2
In the Mouth of Madness,2
Lost Highway,2
Beautiful Thing,2
"Mark of Zorro, The",2
Angels in the Outfield,2
Four Rooms,2
"Seventh Sign, The",2
Backbeat,2
"Navigator: A Mediaeval Odyssey, The",2
Beyond the Mat,2
Ruby in Paradise,2
Peeping Tom,2
Rosewood,2
Fierce Creatures,2
Center Stage,2
Ravenous,2
"Face in the Crowd, A",2
Hands on a Hard Body,2
Music of the Heart,2
Jesus' Son,2
Outside Providence,2
Hollow Man,2
"Big One, The",2
Very Bad Things,2
Marnie,2
"Rapture, The",2
Apt Pupil,2
"Relic, The",2
Gulliver's Travels,2
"Ruling Class, The",2
Fresh,2
"Fantastic Planet, The (La Planète sauvage)",2
"Skulls, The",2
"Black Hole, The",2
Child's Play,2
Me Myself I,2
42 Up,2
For Whom the Bell Tolls,2
Air America,2
Gung Ho,2
Multiplicity,2
Congo,2
Threesome,2
"Apple Dumpling Gang, The",2
Splendor in the Grass,2
Melvin and Howard,2
Sirens,2
Renaissance Man,2
"Replacements, The",2
Carnival of Souls,2
King Kong,2
Pit and the Pendulum,2
Twin Peaks: Fire Walk with Me,2
52 Pick-Up,2
"Man with the Golden Arm, The",2
Freaky Friday,2
Return from Witch Mountain,2
"Great Mouse Detective, The",2
"Last Supper, The",2
You Can't Take It With You,2
"Pope of Greenwich Village, The",2
"Way of the Gun, The",2
Tommy,2
She's the One,2
Saboteur,2
"Last Days of Disco, The",2
Woman in the Dunes (Suna no onna),2
Superman III,2
Men With Guns,2
Bird on a Wire,2
Swept Away (Travolti da un insolito destino nell'azzurro mare d'Agosto),2
Gentleman's Agreement,2
Mediterraneo,2
Drop Dead Fred,2
But I'm a Cheerleader,2
Nixon,2
Cat People,2
Lost Horizon,2
Virtuosity,2
"Fighting Seabees, The",2
Against All Odds,2
"Walk on the Moon, A",2
My Science Project,2
True Crime,2
"Twelve Chairs, The",2
Mommie Dearest,2
Paulie,2
"Long Goodbye, The",2
Hero,2
Harry and the Hendersons,2
"Women, The",2
"Ipcress File, The",2
Limbo,2
"Man and a Woman, A (Un Homme et une Femme)",2
Meet John Doe,2
Flying Tigers,2
Hocus Pocus,2
"Wrong Man, The",2
Tales From the Crypt Presents: Demon Knight,2
Beverly Hills Cop III,2
Boys on the Side,2
Frenzy,2
Children of the Damned,2
Aladdin and the King of Thieves,2
"Borrowers, The",2
Irma la Douce,2
"Shaggy Dog, The",2
Sanjuro,2
Universal Soldier,2
Lifeforce,2
Dead Presidents,2
Eyes of Laura Mars,2
Anchors Aweigh,2
Trick,2
Queen Margot (La Reine Margot),2
Pollyanna,2
Blue Sky,2
City Slickers II: The Legend of Curly's Gold,2
Basquiat,2
Henry Fool,2
Easy Money,2
Foreign Correspondent,2
Howard the Duck,2
East-West (Est-ouest),2
Mrs. Miniver,2
Urban Legend,2
"Wonderful, Horrible Life of Leni Riefenstahl, The (Die Macht der Bilder)",2
Bread and Chocolate (Pane e cioccolata),2
U2: Rattle and Hum,2
Black Sheep,2
Velvet Goldmine,2
Clay Pigeons,2
Cujo,2
How to Make an American Quilt,2
Robert A. Heinlein's The Puppet Masters,2
Flubber,2
Seven Beauties (Pasqualino Settebellezze),2
Halloween II,2
Up Close and Personal,2
Death and the Maiden,2
Mephisto,2
Angus,2
All Dogs Go to Heaven,2
Vampires,2
Unzipped,2
"Gods Must Be Crazy II, The",2
Halloween: H20,2
Outrageous Fortune,2
Iron Eagle,2
Othello,2
Picnic,2
Love! Valour! Compassion!,2
Selena,2
Deep Rising,2
Romeo Is Bleeding,2
Boys Life,2
"Fog, The",2
House,2
Tie Me Up! Tie Me Down!,2
"Cat from Outer Space, The",2
One True Thing,2
"Nightmare on Elm Street Part 2: Freddy's Revenge, A",2
Orlando,2
200 Cigarettes,2
"Adventures of Rocky and Bullwinkle, The",2
No Escape,2
54,2
"Astronaut's Wife, The",2
Prick Up Your Ears,2
Dangerous Beauty,2
Repulsion,2
Stardust Memories,2
Naked,2
Attack of the Killer Tomatoes!,2
BASEketball,2
Jeffrey,2
Mighty Joe Young,2
Someone to Watch Over Me,2
"Odessa File, The",2
Puppet Master,2
Hellraiser: Bloodline,2
Drowning Mona,2
Higher Learning,2
Message in a Bottle,2
Bean,2
"Program, The",2
Home Alone 2: Lost in New York,2
Oscar and Lucinda (a.k.a. Oscar & Lucinda),2
"Original Kings of Comedy, The",2
Duel in the Sun,2
Brokedown Palace,2
Antonia's Line (Antonia),2
"Incredibly True Adventure of Two Girls in Love, The",2
That Darn Cat!,2
Nutty Professor II: The Klumps,2
Children of the Corn,2
Junior,2
Santa Claus: The Movie,2
Billy's Hollywood Screen Kiss,2
Jane Eyre,2
"Dinner Game, The (Le Dîner de cons)",2
To Live (Huozhe),2
"Good Earth, The",2
Robocop 2,2
Girlfight,2
Homegrown,2
Assault on Precinct 13,2
Canadian Bacon,2
What Planet Are You From?,2
"Butcher's Wife, The",2
Time Code,2
"Dorado, El",2
"Goofy Movie, A",2
Daylight,2
Kicking and Screaming,2
Jaws 2,2
"Soldier's Daughter Never Cries, A",2
"World of Apu, The (Apur Sansar)",2
Miracle on 34th Street,2
Free Willy,2
"Little Princess, The",2
Twin Falls Idaho,2
Orgazmo,2
Unstrung Heroes,2
Just Cause,2
Rambo III,2
Hard Target,2
Mother Night,2
Heaven & Earth,2
Safe,2
"King of Masks, The (Bian Lian)",2
Madeline,2
"Toxic Avenger, The",2
March of the Wooden Soldiers (a.k.a. Laurel & Hardy in Toyland),2
Anaconda,2
Grand Hotel,2
"Corruptor, The",2
Sinbad and the Eye of the Tiger,2
Stealing Beauty,2
Superstar,2
Cemetery Man (Dellamorte Dellamore),2
Get Real,2
"Band Wagon, The",2
"American Tail: Fievel Goes West, An",2
Black Beauty,2
"Conformist, The (Il Conformista)",2
Hard Rain,2
"Blue Lagoon, The",2
"Impostors, The",2
"Life Less Ordinary, A",2
Dracula,2
Chain Reaction,2
"Rugrats Movie, The",2
I Still Know What You Did Last Summer,2
"House on Haunted Hill, The",2
"Hollywood Knights, The",2
"Kid, The",2
Blue Streak,2
Blind Date,2
"Big Blue, The (Le Grand Bleu)",2
Red Sorghum (Hong Gao Liang),2
Beyond Rangoon,2
Benji,2
Quatermass and the Pit,2
"Crimson Pirate, The",2
Mrs. Winterbourne,2
Son in Law,2
"Crush, The",2
Indecent Proposal,2
Home for the Holidays,2
Go Fish,2
Welcome To Sarajevo,2
Encino Man,2
"Kid, The",2
Clockers,2
Oliver & Company,2
Forces of Nature,2
"Deep End of the Ocean, The",2
Trees Lounge,2
Hellbound: Hellraiser II,2
Balto,2
Wilde,2
Milk Money,2
Moll Flanders,2
F/X 2,2
Inventing the Abbotts,2
Coyote Ugly,2
Betrayed,2
Boomerang,2
"Long Walk Home, The",2
"Specialist, The",2
D2: The Mighty Ducks,2
Ponette,2
My Fellow Americans,2
American Flyers,2
Dirty Work,2
"Incredible Journey, The",2
Maya Lin: A Strong Clear Vision,2
"Decline of Western Civilization, The",2
Blame It on Rio,2
Vegas Vacation,2
Beloved,2
Babes in Toyland,2
"Body Snatcher, The",2
April Fool's Day,2
Screamers,2
Damien: Omen II,2
Teaching Mrs. Tingle,2
Going My Way,2
American Pop,2
Sunshine,2
"Out-of-Towners, The",2
"Road to El Dorado, The",2
Harriet the Spy,2
"Postman, The",2
Farinelli: il castrato,2
Love and Basketball,2
"Bachelor, The",2
20 Dates,2
"Shadow, The",2
Fear of a Black Hat,2
"Three Caballeros, The",2
"Big Country, The",2
Waking the Dead,2
Your Friends and Neighbors,2
True Crime,2
House on Haunted Hill,2
Mighty Joe Young,2
"Honey, I Blew Up the Kid",2
Four Days in September,2
Bed of Roses,2
"Dancer, Texas Pop. 81",2
"Eyes of Tammy Faye, The",2
Flesh and Bone,2
Xiu Xiu: The Sent-Down Girl (Tian yu),2
Freejack,2
Missing in Action,2
It Came from Outer Space,2
Stepmom,2
"Color of Paradise, The (Rang-e Khoda)",2
"Muse, The",2
"Distinguished Gentleman, The",2
Surviving the Game,2
Blues Brothers 2000,2
Frankenstein Meets the Wolf Man,2
Halloween: The Curse of Michael Myers,3
Barb Wire,3
Anywhere But Here,3
Bastard Out of Carolina,3
"Davy Crockett, King of the Wild Frontier",3
Booty Call,3
Foxfire,3
"Star Is Born, A",3
Romper Stomper,3
"Mummy, The",3
"Boondock Saints, The",3
"Computer Wore Tennis Shoes, The",3
Nine Months,3
"Exorcist III, The",3
Who's Harry Crumb?,3
Nothing in Common,3
"Girl on the Bridge, The (La Fille sur le Pont)",3
Crimes of the Heart,3
Bronco Billy,3
Crooklyn,3
Crash,3
Godzilla 2000 (Gojira ni-sen mireniamu),3
Waiting to Exhale,3
"Getaway, The",3
Interiors,3
Beverly Hills Ninja,3
"Young Poisoner's Handbook, The",3
Striptease,3
Of Human Bondage,3
Six-String Samurai,3
Pal Joey,3
"Cry in the Dark, A",3
Red Corner,3
King of the Hill,3
When the Cats Away (Chacun cherche son chat),3
"Clan of the Cave Bear, The",3
"Family Thing, A",3
Get on the Bus,3
Earth Vs. the Flying Saucers,3
Dangerous Minds,3
Coogan's Bluff,3
Lonely Are the Brave,3
I Shot Andy Warhol,3
Better Than Chocolate,3
Braindead,3
Pather Panchali,3
Fear,3
King Kong vs. Godzilla (Kingukongu tai Gojira),3
Withnail and I,3
Major Payne,3
Rocky V,3
Party Girl,3
Lord of Illusions,3
Fandango,3
Cabin Boy,3
Shakes the Clown,3
Jakob the Liar,3
City Hall,3
Monkey Shines,3
Swamp Thing,3
FairyTale: A True Story,3
Airheads,3
Speechless,3
Two Women (La Ciociara),3
"Trial, The (Le Procès)",3
"Children of Heaven, The (Bacheha-Ye Aseman)",3
Tales from the Crypt Presents: Bordello of Blood,3
Newsies,3
Peter's Friends,3
Operation Condor 2 (Longxiong hudi),3
Anne Frank Remembered,3
House Party,3
Simply Irresistible,3
"Red Firecracker, Green Firecracker",3
Communion,3
Red Sonja,3
Family Plot,3
"Island of Dr. Moreau, The",3
Down Periscope,3
Blow-Out (La Grande Bouffe),3
Not One Less (Yi ge dou bu neng shao),3
"Sugarland Express, The",3
"Faraway, So Close (In Weiter Ferne, So Nah!)",3
Next Friday,3
Jack,3
Shanghai Triad (Yao a yao yao dao waipo qiao),3
Cat's Eye,3
"White Balloon, The (Badkonake Sefid )",3
Stalker,3
"General, The",3
Butterfly (La Lengua de las Mariposas),3
Assassins,3
Color of Night,3
"Love Letter, The",3
Tales from the Hood,3
"Wood, The",3
Cocoon: The Return,3
Mrs. Dalloway,3
Strawberry and Chocolate (Fresa y chocolate),3
Inspector Gadget,3
"Very Brady Sequel, A",3
"Fly II, The",3
"Crucible, The",3
Police Academy 2: Their First Assignment,3
Tumbleweeds,3
If....,3
Felicia's Journey,3
8 Seconds,3
Houseguest,3
Hurlyburly,3
Love Affair,3
Picture Perfect,3
"Brandon Teena Story, The",3
Marked for Death,3
Geronimo: An American Legend,3
Prince of the City,3
"Newton Boys, The",3
"Spiral Staircase, The",3
Wild Man Blues,3
Ride with the Devil,3
Sister Act 2: Back in the Habit,3
Down to You,3
Sesame Street Presents Follow That Bird,3
How Stella Got Her Groove Back,3
Friday the 13th: The Final Chapter,3
Amateur,3
"Shaggy D.A., The",3
Condorman,3
Switchback,3
"Beautician and the Beast, The",3
Othello,3
"Effect of Gamma Rays on Man-in-the-Moon Marigolds, The",3
"Hate (Haine, La)",3
Eye of the Beholder,3
White Sands,3
Bride of Chucky,3
SubUrbia,3
"Flintstones, The",3
Poison Ivy,3
Destination Moon,3
Soul Food,3
Thinner,3
Random Hearts,3
"Morning After, The",3
"Nightmare on Elm Street 4: The Dream Master, A",3
Don't Be a Menace to South Central While Drinking Your Juice in the Hood,3
"Raven, The",3
'Night Mother,3
Wings,3
Dead Man on Campus,3
"Cowboy Way, The",3
Jingle All the Way,3
Halloween 4: The Return of Michael Myers,3
"Boys of St. Vincent, The",3
Disturbing Behavior,3
"Decline of Western Civilization Part II: The Metal Years, The",3
Ridicule,3
Wrongfully Accused,3
"Believers, The",3
"Best Man, The",3
Sgt. Bilko,3
"Bedroom Window, The",3
"Pajama Game, The",3
Flawless,3
Bound for Glory,3
Kama Sutra: A Tale of Love,3
Two Girls and a Guy,3
Something to Talk About,3
Godzilla (Gojira),3
Village of the Damned,3
Freddy's Dead: The Final Nightmare,3
Children of the Revolution,3
Chuck & Buck,3
"Pagemaster, The",3
"Lovers of the Arctic Circle, The (Los Amantes del Círculo Polar)",3
Cutthroat Island,3
Wing Commander,3
Earthquake,3
Jawbreaker,3
"War Zone, The",3
Judgment Night,3
Extreme Measures,3
"NeverEnding Story II: The Next Chapter, The",3
"Razor's Edge, The",3
Niagara,3
Faster Pussycat! Kill! Kill!,3
"Farewell to Arms, A",3
"Tigger Movie, The",3
They Might Be Giants,3
Bride of the Monster,3
My Life,3
Max Dugan Returns,3
Mr. Saturday Night,3
Monsieur Verdoux,3
Blue in the Face,3
Friday the 13th Part 2,3
Candleshoe,3
Last Night,3
Dear God,3
"Castle, The",3
"Glimmer Man, The",3
"Emperor and the Assassin, The (Jing ke ci qin wang)",3
"Masque of the Red Death, The",3
Wonderland,3
Insomnia,3
Nightwatch,3
Virus,3
"Inspector General, The",3
Son of Frankenstein,3
"Phantom, The",3
Marvin's Room,3
Metro,3
"Kid in King Arthur's Court, A",3
Schizopolis,3
Love in the Afternoon,3
"Kiss Me, Guido",3
French Twist (Gazon maudit),3
Hamlet,3
Cross of Iron,3
"Van, The",3
"Bridge at Remagen, The",3
"Man from Laramie, The",3
Go West,3
"Cup, The (Phörpa)",3
"Great Day in Harlem, A",3
Walking and Talking,3
Mad City,3
Kiss of Death,3
"Minus Man, The",3
Heidi Fleiss: Hollywood Madam,3
Dracula: Dead and Loving It,3
Carrington,3
"Fan, The",3
Volcano,3
Hear My Song,3
Jude,3
Life,3
I Went Down,3
Shower (Xizhao),3
"Tingler, The",3
"Art of War, The",3
"Five Senses, The",3
"Greatest Show on Earth, The",3
God Said 'Ha!',3
Little Big League,3
Down in the Delta,3
Poltergeist II: The Other Side,3
"Horseman on the Roof, The (Hussard sur le toit, Le)",3
Torn Curtain,3
Little Odessa,3
"Governess, The",3
"King of Marvin Gardens, The",3
Blue Hawaii,3
Teenage Mutant Ninja Turtles II: The Secret of the Ooze,3
My Crazy Life (Mi vida loca),3
Flirt,3
Dying Young,3
Dance with Me,3
"War, The",3
Mo' Better Blues,3
Sabotage,3
Blue Collar,3
"Substitute, The",3
Clara's Heart,3
"Far Off Place, A",3
Indian Summer (a.k.a. Alive & Kicking),3
Herbie Goes Bananas,3
"Gate, The",3
"Life and Times of Hank Greenberg, The",3
Heartburn,3
"Preacher's Wife, The",3
Boxing Helena,3
Grace of My Heart,3
No Mercy,3
Guinevere,3
Drive Me Crazy,3
Caligula,3
Sudden Death,3
Baraka,3
Son of Flubber,3
Jennifer 8,3
Class,3
Another Stakeout,3
Bulletproof,3
Wild Reeds,3
Three Seasons,3
To Gillian on Her 37th Birthday,3
Extremities,3
"Road to Wellville, The",3
Our Town,3
Set It Off,3
"Little Rascals, The",3
Bhaji on the Beach,3
Open Your Eyes (Abre los ojos),3
My Favorite Season,3
Alphaville,3
"Low Down Dirty Shame, A",3
Princess Caraboo,3
In the Realm of the Senses (Ai no corrida),3
Radioland Murders,3
Runaway,3
Trouble in Paradise,3
If Lucy Fell,3
Little Buddha,3
Without Limits,3
Jack Frost,3
Bad Taste,3
Angel and the Badman,3
"Next Best Thing, The",3
Bandit Queen,3
"Night at the Roxbury, A",3
"Autumn Tale, An (Conte d'automne)",3
Night Falls on Manhattan,3
"Chamber, The",3
Piranha,3
"Monster, The (Il Mostro)",3
"Karate Kid III, The",3
Cutter's Way,3
Permanent Midnight,3
Big Momma's House,3
"MatchMaker, The",3
Breathless,3
My Son the Fanatic,3
Another Day in Paradise,3
Holy Smoke,3
"Juror, The",3
Perfect Blue,3
"Official Story, The (La Historia Oficial)",3
MacKenna's Gold,3
"Third Miracle, The",3
Breakfast of Champions,3
Striking Distance,3
Twin Dragons (Shuang long hui),3
Live Nude Girls,3
Soul Man,3
"Sum of Us, The",3
Heavy,3
Cobb,3
I Love Trouble,3
Jungle2Jungle (a.k.a. Jungle 2 Jungle),3
Death Wish II,3
Grease 2,3
For Love or Money,3
Tales from the Darkside: The Movie,3
In Love and War,3
Superman IV: The Quest for Peace,3
"Curse of Frankenstein, The",3
Black Mask (Hak hap),3
That Darn Cat!,3
Carmen,3
"Underneath, The",3
"Avengers, The",3
Air Bud,3
She's So Lovely,3
Drop Zone,3
Exit to Eden,3
Limelight,3
Force of Evil,3
Psycho II,3
My Family,3
Hana-bi,3
American Pimp,3
"Big Carnival, The",3
Kurt & Courtney,3
Whatever,3
"Broken Hearts Club, The",3
Celebrity,3
Ready to Wear (Pret-A-Porter),3
Picture Bride,3
I Saw What You Did,3
Stealing Home,3
Hype!,3
"River, The",3
Crossfire,3
"Assignment, The",3
"Circus, The",3
Penny Serenade,3
Highlander III: The Sorcerer,3
D3: The Mighty Ducks,3
Quatermass II,3
School Daze,3
For Richer or Poorer,3
Underground,3
Mrs. Parker and the Vicious Circle,3
Men Don't Leave,3
Bride of Re-Animator,3
Gridlock'd,3
My Best Fiend (Mein liebster Feind),3
For All Mankind,3
Holy Man,3
Besieged (L' Assedio),3
Phantasm II,3
Pumpkinhead,3
Nico Icon,3
Tex,3
"Return of Jafar, The",3
Wild America,3
Daddy Long Legs,3
Alligator,3
Speed 2: Cruise Control,3
Losing Isaiah,3
Mifune (Mifunes sidste sang),3
Cosi,3
"Thieves (Voleurs, Les)",3
Operation Dumbo Drop,3
City of Industry,3
King Creole,3
"Haunted World of Edward D. Wood Jr., The",3
Manny & Lo,3
"Dark Half, The",3
Home Fries,3
Mr. & Mrs. Smith,3
"Adventures of Pinocchio, The",3
Free Enterprise,3
Spy Hard,3
Herbie Goes to Monte Carlo,3
"Simple Twist of Fate, A",3
Otello,3
Only Angels Have Wings,3
"House of the Spirits, The",3
Get Carter,3
Faust,3
"Source, The",3
Nothing to Lose,3
"Gingerbread Man, The",3
Man Facing Southeast (Hombre Mirando al Sudeste),3
Eye for an Eye,3
"Browning Version, The",3
Bitter Moon,3
Fatal Instinct,3
"Tango Lesson, The",3
McHale's Navy,3
Glen or Glenda,3
Child's Play 2,3
Cronos,3
"Evening Star, The",3
Rocket Man,3
Maximum Overdrive,3
"Texas Chainsaw Massacre 2, The",3
Roseanna's Grave (For Roseanna),3
Money Train,3
I'm the One That I Want,3
"Crossing Guard, The",3
Super Mario Bros.,3
Terminal Velocity,3
Tom and Huck,3
"Associate, The",3
"Harmonists, The",3
"Glass Bottom Boat, The",3
Hanging Up,3
Halloween 5: The Revenge of Michael Myers,3
Herbie Rides Again,3
Girl 6,3
Paradise Road,3
Three to Tango,3
Black and White,3
"Lords of Flatbush, The",3
Cyclo,3
Fire Down Below,3
Funny Bones,3
Gothic,3
Friday the 13th Part 3: 3D,3
House of Frankenstein,3
Angel Baby,3
"Year My Voice Broke, The",3
Richie Rich,3
Double Happiness,3
Showgirls,3
Mafia!,3
"Devil's Brigade, The",3
Species II,3
Return of the Fly,3
Georgia,3
Krippendorf's Tribe,3
Edge of Seventeen,3
Rocketship X-M,3
"Nightmare on Elm Street 5: The Dream Child, A",3
Live Flesh,3
Afterglow,3
Highlander: Endgame,3
"Addiction, The",3
Ladybird Ladybird,3
Dream With the Fishes,3
Alaska,3
"Filth and the Fury, The",3
Best Laid Plans,3
Before the Rain (Pred dozhdot),3
Cimarron,3
Joe's Apartment,3
Excess Baggage,3
Desperate Measures,3
Major League: Back to the Minors,3
Kansas City,3
"Map of the World, A",3
Firestorm,3
Meteor,3
Friday the 13th Part VI: Jason Lives,3
Shooting Fish,3
8 Heads in a Duffel Bag,3
Character (Karakter),3
Wisdom,3
Volunteers,3
Burglar,3
"Fury, The",3
This Is My Father,3
Rosetta,3
"Whole Wide World, The",3
Armed and Dangerous,3
Albino Alligator,3
Pushing Hands,3
Killer's Kiss,3
"Crow: City of Angels, The",3
Fled,3
Widows' Peak,3
"Scarlet Letter, The",3
"Mod Squad, The",3
My Chauffeur,3
"Happiest Millionaire, The",3
"Last Days, The",3
Madame Sousatzka,3
Hell in the Pacific,3
Saturn 3,3
Beat the Devil,3
"Odd Couple II, The",3
Agnes Browne,3
Cecil B. Demented,3
Faces,3
Mortal Thoughts,3
"Bye Bye, Love",3
Loser,3
Traveller,3
"Affair of Love, An (Une Liaison Pornographique)",3
Bio-Dome,3
"Promise, The (La Promesse)",3
Out to Sea,3
American Buffalo,3
Money Talks,3
Two Family House,3
Autumn Sonata (Höstsonaten ),3
First Kid,3
Beautiful People,3
Kaspar Hauser,3
"Wedding Gift, The",3
Dear Diary (Caro Diario),3
Dancing at Lughnasa,3
Blink,3
Audrey Rose,3
"Perfect Candidate, A",3
Urbania,3
"Cry, the Beloved Country",3
Tango,3
Tough Guys,3
Airport 1975,3
"Two Jakes, The",3
Screwed,3
Jason's Lyric,3
It Came from Beneath the Sea,3
Pokémon: The First Movie,3
"Cruise, The",3
American Dream,3
Battlefield Earth,3
Crazy in Alabama,3
"Thousand Acres, A",3
"Endless Summer 2, The",3
"Apple Dumpling Gang Rides Again, The",3
"Air Up There, The",3
It Came from Hollywood,3
Mortal Kombat: Annihilation,3
Moonlight and Valentino,3
Puppet Master II,3
Quest for Camelot,3
Blackbeard's Ghost,3
Room at the Top,3
"Idiots, The (Idioterne)",3
Bamboozled,3
Sliver,3
Stanley & Iris,3
My Life So Far,3
Where the Buffalo Roam,3
"Zed & Two Noughts, A",3
Shiloh,3
Lightning Jack,3
"Lovers on the Bridge, The (Les Amants du Pont-Neuf)",3
"Great White Hype, The",3
"Champ, The",3
Wide Awake,3
Friday the 13th Part VII: The New Blood,3
Friday the 13th Part V: A New Beginning,3
Stonewall,3
In Too Deep,3
Home Alone 3,3
"Swan Princess, The",3
Love Is a Many-Splendored Thing,3
Hoodlum,3
Career Girls,3
"Great Ziegfeld, The",3
"Dog's Life, A",3
"Mole People, The",3
"Doom Generation, The",3
Friends & Lovers,3
Jury Duty,3
Bent,3
When Night Is Falling,3
My Name Is Joe,3
Washington Square,3
Slam,3
Creepshow 2,3
Stage Fright,3
"Sheltering Sky, The",3
Aparajito,3
Tarantula,3
Get Bruce,3
Poison,3
M. Butterfly,3
Pet Sematary II,3
Andre,3
Bossa Nova,3
Kull the Conqueror,3
Phantoms,3
Unforgettable,3
Taste of Cherry,3
Once Upon a Time... When We Were Colored,3
Stuart Saves His Family,3
Groove,3
Night of the Creeps,3
Senseless,4
"Innocents, The",4
Jade,4
"Black Cat, White Cat (Crna macka, beli macor)",4
He Walked by Night,4
Puppet Master III: Toulon's Revenge,4
Artemisia,4
Love Jones,4
Homeward Bound II: Lost in San Francisco,4
My Favorite Martian,4
"Truth or Consequences, N.M.",4
Playing God,4
G. I. Blues,4
"Myth of Fingerprints, The",4
"Slipper and the Rose, The",4
Vagabond (Sans toit ni loi),4
Twilight,4
Amos & Andrew,4
"Perils of Pauline, The",4
Young Doctors in Love,4
Bad Girls,4
"Beverly Hillbillies, The",4
Deterrence,4
"Colonel Chabert, Le",4
Action Jackson,4
Feeling Minnesota,4
"Story of G.I. Joe, The",4
"Trigger Effect, The",4
Eyes Without a Face,4
Desert Bloom,4
Some Mother's Son,4
"Damsel in Distress, A",4
At First Sight,4
Roommates,4
"Great Locomotive Chase, The",4
"Idolmaker, The",4
Ready to Rumble,4
What Happened Was...,4
"Perez Family, The",4
Drunks,4
Almost Heroes,4
"Babysitter, The",4
Duets,4
Love Serenade,4
From the Hip,4
Plunkett & MaCleane,4
Tetsuo II: Body Hammer,4
Gossip,4
Still Crazy,4
Supernova,4
Boiling Point,4
I'm Not Rappaport,4
Chushingura,4
Burnt Offerings,4
Freedom for Us (À nous la liberté ),4
"Visitors, The (Les Visiteurs)",4
Bonfire of the Vanities,4
"End of Violence, The",4
Stalingrad,4
Santa Fe Trail,4
Supergirl,4
Surviving Picasso,4
"NeverEnding Story III, The",4
Palookaville,4
Blue Chips,4
Rain,4
"Month by the Lake, A",4
Son of Dracula,4
Prefontaine,4
Fun and Fancy Free,4
It Conquered the World,4
"Hanging Garden, The",4
H.O.T.S.,4
And God Created Woman (Et Dieu&#8230;Créa la Femme),4
Chinese Box,4
"Brain That Wouldn't Die, The",4
"Broadway Melody, The",4
Tall Tale,4
"Sandpiper, The",4
That Old Feeling,4
Death Wish 3,4
Mute Witness,4
How I Won the War,4
Police Academy 3: Back in Training,4
Halloween III: Season of the Witch,4
"Cérémonie, La",4
Diabolique,4
Topaz,4
Melody Time,4
She-Devil,4
House of Dracula,4
Here on Earth,4
"Mummy's Curse, The",4
How to Be a Player,4
Wishmaster,4
"Ballad of Narayama, The (Narayama Bushiko)",4
Haunted Honeymoon,4
Wild Bill,4
Hideous Kinky,4
Denise Calls Up,4
Lost & Found,4
Mass Appeal,4
Country,4
Come See the Paradise,4
Little Lord Fauntleroy,4
"Sea Wolves, The",4
Porky's II: The Next Day,4
Porky's Revenge,4
Mr. Jones,4
8 1/2 Women,4
Female Perversions,4
Robocop 3,4
Allan Quartermain and the Lost City of Gold,4
Graveyard Shift,4
It Takes Two,4
Two Moon Juction,4
Now and Then,4
"Ilsa, She Wolf of the SS",4
Trial and Error,4
Contempt (Le Mépris),4
I Married A Strange Person,4
Mixed Nuts,4
Thumbelina,4
Wanted: Dead or Alive,4
"Eighth Day, The (Le Huitième jour )",4
Panther,4
Joe Gould's Secret,4
"Barefoot Executive, The",4
In the Army Now,4
"Next Karate Kid, The",4
"Pest, The",4
Candyman: Farewell to the Flesh,4
Snow Day,4
"Scarlet Letter, The",4
Prom Night,4
Police Academy 4: Citizens on Patrol,4
Before and After,4
All Over Me,4
Teenage Mutant Ninja Turtles III,4
Fathers' Day,4
Turtle Diary,4
Nowhere,4
Even Cowgirls Get the Blues,4
"Lodger, The",4
"Adventures of Sebastian Cole, The",4
Bustin' Loose,4
Above the Rim,4
Love and a .45,4
Caught,4
"Portrait of a Lady, The",4
Sleepwalkers,4
Sarafina!,4
Best Men,4
Jefferson in Paris,4
Illuminata,4
"Yards, The",4
One Magic Christmas,4
Kissing a Fool,4
Shaft's Big Score!,4
Dream for an Insomniac,4
B. Monkey,4
"Ballad of Ramblin' Jack, The",4
Love & Sex,4
Steal This Movie!,4
"Final Conflict, The (a.k.a. Omen III: The Final Conflict)",4
Problem Child,4
Love's Labour's Lost,4
Jaws 3-D,4
"Funhouse, The",4
Night Flier,4
Coldblooded,4
Solo,4
Police Academy 5: Assignment: Miami Beach,4
Death Wish 4: The Crackdown,4
Child's Play 3,4
Johns,4
"Rage: Carrie 2, The",4
Under the Rainbow,4
Poison Ivy: New Seduction,4
Cold Fever (Á köldum klaka),4
"Apple, The (Sib)",4
Gun Shy,4
Cleo From 5 to 7 (Cléo de 5 à 7),4
Love and Other Catastrophes,4
It's My Party,4
Purple Noon,4
Life with Mikey,4
S.F.W.,4
"Pallbearer, The",4
"Mirror, The (Zerkalo)",4
"Outlaw, The",4
"Brother, Can You Spare a Dime?",4
Madame Butterfly,4
Far From Home: The Adventures of Yellow Dog,4
"Theory of Flight, The",4
Why Do Fools Fall In Love?,4
Blank Check,4
"Draughtsman's Contract, The",4
North,4
Vibes,4
Bogus,4
Safe Men,4
House II: The Second Story,4
Jonah Who Will Be 25 in the Year 2000,4
Fair Game,4
T-Men,4
Suture,4
"Big Tease, The",4
"Hot Spot, The",4
Whatever It Takes,4
Nadine,4
Who's That Girl?,4
'Til There Was You,4
Clean Slate (Coup de Torchon),4
Deceiver,4
187,4
Love & Human Remains,4
We're No Angels,4
Grateful Dead,4
All Dogs Go to Heaven 2,4
Maximum Risk,4
Lawn Dogs,4
Stay Tuned,4
Free Willy 2: The Adventure Home,4
Stop! Or My Mom Will Shoot,4
Death Wish V: The Face of Death,4
Wonderland,4
In Dreams,4
"Ciao, Professore! (Io speriamo che me la cavo )",4
Air Bud: Golden Receiver,4
Angel on My Shoulder,4
Alvarez Kelly,4
In the Bleak Midwinter,4
Guilty as Sin,4
Blood & Wine,4
Missing in Action 2: The Beginning,4
All the Vermeers in New York,4
In Search of the Castaways,4
Plenty,4
Heaven's Prisoners,4
Smiling Fish and Goat on Fire,4
Buddy,4
I Dreamed of Africa,4
Lamerica,4
Committed,4
Hideaway,4
Up at the Villa,4
Splendor,4
"Terrorist, The (Malli)",4
Jupiter's Wife,4
Algiers,4
"Son of the Sheik, The",4
Inferno,4
"Line King: Al Hirschfeld, The",4
I Confess,4
Déjà Vu,4
Make Mine Music,4
Shaft in Africa,4
"Education of Little Tree, The",4
"Mummy's Tomb, The",4
"Baby-Sitters Club, The",4
A Chef in Love,4
Hollow Reed,4
Hearts and Minds,4
Poltergeist III,4
Friday the 13th Part VIII: Jason Takes Manhattan,4
"Slingshot, The (Kådisbellan )",4
Experience Preferred... But Not Essential,4
"Land Girls, The",4
Cousin Bette,4
Squanto: A Warrior's Tale,4
Fluke,4
Kronos,4
"Price Above Rubies, A",4
"Vie est belle, La (Life is Rosey)",4
Boys and Girls,4
"Niagara, Niagara",4
Repossessed,4
Spice World,4
Autumn in New York,4
Bless the Child,4
Girls Town,4
Phantasm IV: Oblivion,4
"Black Sabbath (Tre Volti Della Paura, I)",4
Knightriders,4
Beyond Silence,4
Secret Agent,4
Bait,4
Woman on Top,4
Urban Legends: Final Cut,4
Silent Fall,4
"Hi-Lo Country, The",4
"Single Girl, A (La Fille Seule)",4
New Jersey Drive,4
Class of Nuke 'Em High,4
Star Kid,4
Time of the Gypsies (Dom za vesanje),4
Get Carter,4
Airport '77,4
"$1,000,000 Duck",4
For the Love of Benji,4
High School High,4
House Arrest,4
Beach Party,4
I'll Do Anything,4
Dark Command,4
Mina Tannenbaum,4
Blood For Dracula (Andy Warhol's Dracula),4
National Lampoon's Senior Trip,4
Nobody Loves Me (Keiner liebt mich),4
Braddock: Missing in Action III,4
"Good Mother, The",4
"Scout, The",4
Assassination,4
Critical Care,4
Minnie and Moskowitz,4
Curdled,4
Kika,4
Tales of Terror,4
Eddie,4
White Man's Burden,4
Total Eclipse,4
One Tough Cop,4
"Cement Garden, The",4
"Prophecy II, The",4
Gone Fishin',4
"Big Green, The",4
Pokémon the Movie 2000,4
Barenaked in America,4
Mr. Jealousy,4
"Marcello Mastroianni: I Remember Yes, I Remember",4
Aces: Iron Eagle III,4
Chill Factor,4
Dudley Do-Right,4
Normal Life,4
Baby Geniuses,4
Flipper,4
"Quest, The",4
Nothing But Trouble,4
"Killing of Sister George, The",4
Bad Company,4
Double Team,4
One Night Stand,4
Exorcist II: The Heretic,4
Polish Wedding,4
Mr. Wonderful,4
Metroland,4
"Fiendish Plot of Dr. Fu Manchu, The",4
Let's Get Harry,4
Mary Reilly,4
"Cure, The",4
Prancer,4
"Stupids, The",4
"Day of the Beast, The (El Día de la bestia)",4
Made in America,4
Reckless,4
Clean Slate,4
Hard Core Logo,4
"Charlie, the Lonesome Cougar",4
Monument Ave.,4
Turbulence,4
Celtic Pride,4
Rawhead Rex,4
Jack and Sarah,4
"Goodbye, Lover",4
Judy Berlin,4
Steel,4
"Hunted, The",4
Tarzan and the Lost City,4
"Player's Club, The",4
Hellraiser III: Hell on Earth,4
Music From Another Room,4
My Giant,4
Iron Eagle II,4
Hush,4
On the Ropes,4
Bedrooms & Hallways,4
Police Academy 6: City Under Siege,4
Land and Freedom (Tierra y libertad),4
"Ghost of Frankenstein, The",4
Fatal Beauty,4
Time Regained (Le Temps Retrouvé),4
Cats Don't Dance,4
"Wife, The",4
Lady of Burlesque,4
"Maybe, Maybe Not (Bewegte Mann, Der)",4
"Mating Habits of the Earthbound Human, The",4
Psycho III,4
Lassie,4
And the Ship Sails On (E la nave va),4
Hot Lead and Cold Feet,4
"New Age, The",4
Onegin,4
Nosferatu a Venezia,4
Date with an Angel,4
"Chambermaid on the Titanic, The",4
Vampire in Brooklyn,4
"Real Blonde, The",4
Rich and Strange,4
Shadrach,4
Switchblade Sisters,4
Belizaire the Cajun,4
Desert Blue,4
"Amazing Panda Adventure, The",4
How to Stuff a Wild Bikini,4
Still Breathing,4
Passion of Mind,4
Land Before Time III: The Time of the Great Giving,4
"Adventures of Elmo in Grouchland, The",4
"Communion (a.k.a. Alice, Sweet Alice/Holy Terror)",4
Native Son,4
"Paradine Case, The",4
Tigerland,4
Three Wishes,4
Black Dog,4
"Crew, The",4
Aimée & Jaguar,4
Nil By Mouth,4
Phantasm III: Lord of the Dead,4
X: The Unknown,4
"Watcher, The",4
Police Story 4: Project S (Chao ji ji hua),4
Warriors of Virtue,4
Kidnapped,4
"Night Porter, The (Il Portiere di notte)",4
"Henry: Portrait of a Serial Killer, Part 2",4
Saludos Amigos,4
Better Living Through Circuitry,4
Devil Girl From Mars,4
Gabbeh,4
Firelight,4
Where the Money Is,4
Star Maps,4
"Stars Fell on Henrietta, The",4
Benji the Hunted,4
Alien Escape,4
Being Human,4
Blood Feast,4
And God Created Woman,4
No Small Affair,4
I Like It Like That,4
Street Fighter,4
Puppet Master 4,4
Nadja,4
Tom & Viv,4
"Walking Dead, The",4
Miami Rhapsody,4
Message to Love: The Isle of Wight Festival,4
"Secret Adventures of Tom Thumb, The",4
Soft Fruit,4
Something for Everyone,4
Baby... Secret of the Lost Legend,4
Blackmail,4
We're Back! A Dinosaur's Story,4
"Life of Émile Zola, The",4
"Other Side of Sunday, The (Søndagsengler)",4
"Rendezvous in Paris (Rendez-vous de Paris, Les)",4
Problem Child 2,4
Celestial Clockwork,4
"Loss of Sexual Innocence, The",4
Careful,4
Light of Day,4
Fright Night Part II,4
"Bewegte Mann, Der",4
Larger Than Life,4
Bloodsport 2,4
Dreaming of Joseph Lees,4
So Dear to My Heart,4
"Saragossa Manuscript, The (Rekopis znaleziony w Saragossie)",4
Light It Up,4
"Beans of Egypt, Maine, The",4
Killer (Bulletproof Heart),4
Germinal,4
Golden Earrings,4
Ayn Rand: A Sense of Life,4
"Pompatus of Love, The",4
Ed,4
"Blood In, Blood Out (a.k.a. Bound by Honor)",4
"Flower of My Secret, The (La Flor de Mi Secreto)",4
My Boyfriend's Back,4
Nelly & Monsieur Arnaud,4
Doug's 1st Movie,4
Window to Paris,4
Trial by Jury,4
"Toxic Avenger Part III: The Last Temptation of Toxie, The",4
Tarzan the Fearless,4
Children of the Corn IV: The Gathering,4
"Hitch-Hiker, The",4
"Toxic Avenger, Part II, The",4
Raw Deal,4
"Devil and Max Devlin, The",4
Dadetown,4
Body Parts,4
Amityville II: The Possession,4
Different for Girls,4
Steam: The Turkish Bath (Hamam),4
Meet Wally Sparks,4
Mike's Murder,4
"Winter Guest, The",4
Mr. Wrong,4
Mr. Magoo,4
They Made Me a Criminal,4
Little Nemo: Adventures in Slumberland,4
West Beirut (West Beyrouth),4
"Very Thought of You, The",4
Marlene Dietrich: Shadow and Light,4
Greaser's Palace,4
Eternity and a Day (Mia eoniotita ke mia mera ),4
"Omega Code, The",4
Joe the King,4
Queens Logic,4
Gold Diggers: The Secret of Bear Mountain,4
Kim,4
Goya in Bordeaux (Goya en Bodeos),4
Lucie Aubrac,4
Sugar Town,4
Passion in the Desert,4
Twice Upon a Yesterday,4
"Jerky Boys, The",4
Head Above Water,4
"Simple Wish, A",4
Solar Crisis,4
"Best Man, The (Il Testimone dello sposo)",4
"Pyromaniac's Love Story, A",4
Kissed,4
Prisoner of the Mountains (Kavkazsky Plennik),4
Federal Hill,4
Parasite,4
Touch,4
Sleepaway Camp,4
Solas,4
"Couch in New York, A",4
"King in New York, A",4
Mighty Morphin Power Rangers: The Movie,4
Bikini Beach,4
Pajama Party,4
"Tic Code, The",4
Lawnmower Man 2: Beyond Cyberspace,4
Murder!,4
"Last September, The",4
Romance,4
Last Summer in the Hamptons,4
Gang Related,4
Anna Karenina,4
Swept from the Sea,4
Two if by Sea,4
Roadside Prophets,4
Retroactive,4
"Saltmen of Tibet, The",4
Rough Magic,4
Among Giants,4
Eight Days a Week,4
Bandits,4
Chasers,4
Rough Night in Jericho,4
Bliss,4
Hello Mary Lou: Prom Night II,4
"Funeral, The",4
"Inkwell, The",4
Jerry Springer: Ringmaster,4
Love Is the Devil,4
"King and I, The",4
"Walk in the Sun, A",4
"Ballad of Narayama, The (Narayama Bushiko)",4
"Legend of 1900, The (Leggenda del pianista sull'oceano)",4
Private School,4
Poetic Justice,4
"Good Man in Africa, A",4
Arguing the World,4
Citizen's Band (a.k.a. Handle with Care),4
Dunston Checks In,4
Whipped,4
Kronos,4
Raise the Titanic,4
Heavyweights,4
Poison Ivy II,4
Two Thousand Maniacs!,4
Across the Sea of Time,4
"Grass Harp, The",4
On Any Sunday,4
Body Shots,4
Dog Park,4
Head On,4
Safe Passage,4
"Return of the Texas Chainsaw Massacre, The",4
I'll Be Home For Christmas,4
Leatherface: Texas Chainsaw Massacre III,4
Violets Are Blue...,4
"Awfully Big Adventure, An",4
Ed's Next Move,4
Children of the Corn III,4
"Cool Dry Place, A",4
Bitter Sugar (Azucar Amargo),4
"Three Ages, The",4
Rollercoaster,4
"Gnome-Mobile, The",4
From the Journals of Jean Seberg,4
Office Killer,4
"Mummy's Hand, The",4
Alice and Martin (Alice et Martin),4
"City, The",4
Endurance,4
Cabaret Balkan (Bure Baruta),4
Crime and Punishment in Suburbia,4
Losing Chase,4
"Opportunists, The",4
All the Rage (a.k.a. It's the Rage),4
Stiff Upper Lips,4
"Saint of Fort Washington, The",4
"Leading Man, The",4
Pie in the Sky,4
"Wisdom of Crocodiles, The (a.k.a. Immortality)",4
Julien Donkey-Boy,4
Love Stinks,4
Telling Lies in America,4
"Star Maker, The (Uomo delle stelle, L')",4
Hugo Pool,4
Under Suspicion,4
Beautiful,4
"Fire Within, The (Le Feu Follet)",4
About Adam,4
"Golden Bowl, The",4
Following,4
I Am Cuba (Soy Cuba/Ya Kuba),4
Psycho Beach Party,4
